movie_id,day,realized_tickets,scheduled_flag,genres_on_day
978,Mon,0.0,1,"action, adventure, animation, comedy, crime, documentary, drama, family, fantasy, history, horror, music, mystery, romance, science_fiction, thriller, tv_movie, war, western"
978,Tue,0.0,1,"action, adventure, animation, comedy, crime, documentary, drama, family, fantasy, history, horror, music, mystery, romance, science_fiction, thriller, tv_movie, war, western"
978,Wed,0.0,1,"action, adventure, animation, comedy, crime, documentary, drama, family, fantasy, history, horror, music, mystery, romance, science_fiction, thriller, tv_movie, war, western"
978,Thu,0.0,1,"action, adventure, animation, comedy, crime, documentary, drama, family, fantasy, history, horror, music, mystery, romance, science_fiction, thriller, tv_movie, war, western"
978,Fri,0.0,1,"action, adventure, animation, comedy, crime, documentary, drama, family, fantasy, history, horror, music, mystery, romance, science_fiction, thriller, tv_movie, war, western"
978,Sat,0.0,1,"action, adventure, animation, comedy, crime, documentary, drama, family, fantasy, history, horror, music, mystery, romance, science_fiction, thriller, tv_movie, war, western"
978,Sun,0.0,1,"action, adventure, animation, comedy, crime, documentary, drama, family, fantasy, history, horror, music, mystery, romance, science_fiction, thriller, tv_movie, war, western"
3664,Mon,0.0,1,"action, adventure, animation, comedy, crime, documentary, drama, family, fantasy, history, horror, music, mystery, romance, science_fiction, thriller, tv_movie, war, western"
3664,Tue,0.0,1,"action, adventure, animation, comedy, crime, documentary, drama, family, fantasy, history, horror, music, mystery, romance, science_fiction, thriller, tv_movie, war, western"
3664,Wed,0.0,1,"action, adventure, animation, comedy, crime, documentary, drama, family, fantasy, history, horror, music, mystery, romance, science_fiction, thriller, tv_movie, war, western"
3664,Thu,0.0,1,"action, adventure, animation, comedy, crime, documentary, drama, family, fantasy, history, horror, music, mystery, romance, science_fiction, thriller, tv_movie, war, western"
3664,Fri,0.0,1,"action, adventure, animation, comedy, crime, documentary, drama, family, fantasy, history, horror, music, mystery, romance, science_fiction, thriller, tv_movie, war, western"
3664,Sat,0.0,1,"action, adventure, animation, comedy, crime, documentary, drama, family, fantasy, history, horror, music, mystery, romance, science_fiction, thriller, tv_movie, war, western"
3664,Sun,0.0,1,"action, adventure, animation, comedy, crime, documentary, drama, family, fantasy, history, horror, music, mystery, romance, science_fiction, thriller, tv_movie, war, western"
3488,Mon,0.0,1,"action, adventure, animation, comedy, crime, documentary, drama, family, fantasy, history, horror, music, mystery, romance, science_fiction, thriller, tv_movie, war, western"
3488,Tue,0.0,1,"action, adventure, animation, comedy, crime, documentary, drama, family, fantasy, history, horror, music, mystery, romance, science_fiction, thriller, tv_movie, war, western"
3488,Wed,0.0,1,"action, adventure, animation, comedy, crime, documentary, drama, family, fantasy, history, horror, music, mystery, romance, science_fiction, thriller, tv_movie, war, western"
3488,Thu,0.0,1,"action, adventure, animation, comedy, crime, documentary, drama, family, fantasy, history, horror, music, mystery, romance, science_fiction, thriller, tv_movie, war, western"
3488,Fri,0.0,1,"action, adventure, animation, comedy, crime, documentary, drama, family, fantasy, history, horror, music, mystery, romance, science_fiction, thriller, tv_movie, war, western"
3488,Sat,0.0,1,"action, adventure, animation, comedy, crime, documentary, drama, family, fantasy, history, horror, music, mystery, romance, science_fiction, thriller, tv_movie, war, western"
3488,Sun,0.0,1,"action, adventure, animation, comedy, crime, documentary, drama, family, fantasy, history, horror, music, mystery, romance, science_fiction, thriller, tv_movie, war, western"
2464,Mon,20.778,1,"action, adventure, animation, comedy, crime, documentary, drama, family, fantasy, history, horror, music, mystery, romance, science_fiction, thriller, tv_movie, war, western"
2464,Tue,20.778,1,"action, adventure, animation, comedy, crime, documentary, drama, family, fantasy, history, horror, music, mystery, romance, science_fiction, thriller, tv_movie, war, western"
2464,Wed,23.375,1,"action, adventure, animation, comedy, crime, documentary, drama, family, fantasy, history, horror, music, mystery, romance, science_fiction, thriller, tv_movie, war, western"
2464,Thu,25.973,1,"action, adventure, animation, comedy, crime, documentary, drama, family, fantasy, history, horror, music, mystery, romance, science_fiction, thriller, tv_movie, war, western"
2464,Fri,33.765,1,"action, adventure, animation, comedy, crime, documentary, drama, family, fantasy, history, horror, music, mystery, romance, science_fiction, thriller, tv_movie, war, western"
2464,Sat,41.556,1,"action, adventure, animation, comedy, crime, documentary, drama, family, fantasy, history, horror, music, mystery, romance, science_fiction, thriller, tv_movie, war, western"
2464,Sun,41.556,1,"action, adventure, animation, comedy, crime, documentary, drama, family, fantasy, history, horror, music, mystery, romance, science_fiction, thriller, tv_movie, war, western"
2876,Mon,0.0,1,"action, adventure, animation, comedy, crime, documentary, drama, family, fantasy, history, horror, music, mystery, romance, science_fiction, thriller, tv_movie, war, western"
2876,Tue,0.0,1,"action, adventure, animation, comedy, crime, documentary, drama, family, fantasy, history, horror, music, mystery, romance, science_fiction, thriller, tv_movie, war, western"
2876,Wed,0.0,1,"action, adventure, animation, comedy, crime, documentary, drama, family, fantasy, history, horror, music, mystery, romance, science_fiction, thriller, tv_movie, war, western"
2876,Thu,0.0,1,"action, adventure, animation, comedy, crime, documentary, drama, family, fantasy, history, horror, music, mystery, romance, science_fiction, thriller, tv_movie, war, western"
2876,Fri,0.0,1,"action, adventure, animation, comedy, crime, documentary, drama, family, fantasy, history, horror, music, mystery, romance, science_fiction, thriller, tv_movie, war, western"
2876,Sat,0.0,1,"action, adventure, animation, comedy, crime, documentary, drama, family, fantasy, history, horror, music, mystery, romance, science_fiction, thriller, tv_movie, war, western"
2876,Sun,0.0,1,"action, adventure, animation, comedy, crime, documentary, drama, family, fantasy, history, horror, music, mystery, romance, science_fiction, thriller, tv_movie, war, western"
2486,Mon,0.0,1,"action, adventure, animation, comedy, crime, documentary, drama, family, fantasy, history, horror, music, mystery, romance, science_fiction, thriller, tv_movie, war, western"
2486,Tue,0.0,1,"action, adventure, animation, comedy, crime, documentary, drama, family, fantasy, history, horror, music, mystery, romance, science_fiction, thriller, tv_movie, war, western"
2486,Wed,0.0,1,"action, adventure, animation, comedy, crime, documentary, drama, family, fantasy, history, horror, music, mystery, romance, science_fiction, thriller, tv_movie, war, western"
2486,Thu,0.0,1,"action, adventure, animation, comedy, crime, documentary, drama, family, fantasy, history, horror, music, mystery, romance, science_fiction, thriller, tv_movie, war, western"
2486,Fri,0.0,1,"action, adventure, animation, comedy, crime, documentary, drama, family, fantasy, history, horror, music, mystery, romance, science_fiction, thriller, tv_movie, war, western"
2486,Sat,0.0,1,"action, adventure, animation, comedy, crime, documentary, drama, family, fantasy, history, horror, music, mystery, romance, science_fiction, thriller, tv_movie, war, western"
2486,Sun,0.0,1,"action, adventure, animation, comedy, crime, documentary, drama, family, fantasy, history, horror, music, mystery, romance, science_fiction, thriller, tv_movie, war, western"
2799,Mon,0.0,1,"action, adventure, animation, comedy, crime, documentary, drama, family, fantasy, history, horror, music, mystery, romance, science_fiction, thriller, tv_movie, war, western"
2799,Tue,0.0,1,"action, adventure, animation, comedy, crime, documentary, drama, family, fantasy, history, horror, music, mystery, romance, science_fiction, thriller, tv_movie, war, western"
2799,Wed,0.0,1,"action, adventure, animation, comedy, crime, documentary, drama, family, fantasy, history, horror, music, mystery, romance, science_fiction, thriller, tv_movie, war, western"
2799,Thu,0.0,1,"action, adventure, animation, comedy, crime, documentary, drama, family, fantasy, history, horror, music, mystery, romance, science_fiction, thriller, tv_movie, war, western"
2799,Fri,0.0,1,"action, adventure, animation, comedy, crime, documentary, drama, family, fantasy, history, horror, music, mystery, romance, science_fiction, thriller, tv_movie, war, western"
2799,Sat,0.0,1,"action, adventure, animation, comedy, crime, documentary, drama, family, fantasy, history, horror, music, mystery, romance, science_fiction, thriller, tv_movie, war, western"
2799,Sun,0.0,1,"action, adventure, animation, comedy, crime, documentary, drama, family, fantasy, history, horror, music, mystery, romance, science_fiction, thriller, tv_movie, war, western"
1793,Mon,0.0,1,"action, adventure, animation, comedy, crime, documentary, drama, family, fantasy, history, horror, music, mystery, romance, science_fiction, thriller, tv_movie, war, western"
1793,Tue,0.0,1,"action, adventure, animation, comedy, crime, documentary, drama, family, fantasy, history, horror, music, mystery, romance, science_fiction, thriller, tv_movie, war, western"
1793,Wed,0.0,1,"action, adventure, animation, comedy, crime, documentary, drama, family, fantasy, history, horror, music, mystery, romance, science_fiction, thriller, tv_movie, war, western"
1793,Thu,0.0,1,"action, adventure, animation, comedy, crime, documentary, drama, family, fantasy, history, horror, music, mystery, romance, science_fiction, thriller, tv_movie, war, western"
1793,Fri,0.0,1,"action, adventure, animation, comedy, crime, documentary, drama, family, fantasy, history, horror, music, mystery, romance, science_fiction, thriller, tv_movie, war, western"
1793,Sat,0.0,1,"action, adventure, animation, comedy, crime, documentary, drama, family, fantasy, history, horror, music, mystery, romance, science_fiction, thriller, tv_movie, war, western"
1793,Sun,0.0,1,"action, adventure, animation, comedy, crime, documentary, drama, family, fantasy, history, horror, music, mystery, romance, science_fiction, thriller, tv_movie, war, western"
2552,Mon,0.0,1,"action, adventure, animation, comedy, crime, documentary, drama, family, fantasy, history, horror, music, mystery, romance, science_fiction, thriller, tv_movie, war, western"
2552,Tue,0.0,1,"action, adventure, animation, comedy, crime, documentary, drama, family, fantasy, history, horror, music, mystery, romance, science_fiction, thriller, tv_movie, war, western"
2552,Wed,0.0,1,"action, adventure, animation, comedy, crime, documentary, drama, family, fantasy, history, horror, music, mystery, romance, science_fiction, thriller, tv_movie, war, western"
2552,Thu,0.0,1,"action, adventure, animation, comedy, crime, documentary, drama, family, fantasy, history, horror, music, mystery, romance, science_fiction, thriller, tv_movie, war, western"
2552,Fri,0.0,1,"action, adventure, animation, comedy, crime, documentary, drama, family, fantasy, history, horror, music, mystery, romance, science_fiction, thriller, tv_movie, war, western"
2552,Sat,0.0,1,"action, adventure, animation, comedy, crime, documentary, drama, family, fantasy, history, horror, music, mystery, romance, science_fiction, thriller, tv_movie, war, western"
2552,Sun,0.0,1,"action, adventure, animation, comedy, crime, documentary, drama, family, fantasy, history, horror, music, mystery, romance, science_fiction, thriller, tv_movie, war, western"
471,Mon,0.0,1,"action, adventure, animation, comedy, crime, documentary, drama, family, fantasy, history, horror, music, mystery, romance, science_fiction, thriller, tv_movie, war, western"
471,Tue,0.0,1,"action, adventure, animation, comedy, crime, documentary, drama, family, fantasy, history, horror, music, mystery, romance, science_fiction, thriller, tv_movie, war, western"
471,Wed,0.0,1,"action, adventure, animation, comedy, crime, documentary, drama, family, fantasy, history, horror, music, mystery, romance, science_fiction, thriller, tv_movie, war, western"
471,Thu,0.0,1,"action, adventure, animation, comedy, crime, documentary, drama, family, fantasy, history, horror, music, mystery, romance, science_fiction, thriller, tv_movie, war, western"
471,Fri,0.0,1,"action, adventure, animation, comedy, crime, documentary, drama, family, fantasy, history, horror, music, mystery, romance, science_fiction, thriller, tv_movie, war, western"
471,Sat,0.0,1,"action, adventure, animation, comedy, crime, documentary, drama, family, fantasy, history, horror, music, mystery, romance, science_fiction, thriller, tv_movie, war, western"
471,Sun,0.0,1,"action, adventure, animation, comedy, crime, documentary, drama, family, fantasy, history, horror, music, mystery, romance, science_fiction, thriller, tv_movie, war, western"
3903,Mon,0.0,1,"action, adventure, animation, comedy, crime, documentary, drama, family, fantasy, history, horror, music, mystery, romance, science_fiction, thriller, tv_movie, war, western"
3903,Tue,0.0,1,"action, adventure, animation, comedy, crime, documentary, drama, family, fantasy, history, horror, music, mystery, romance, science_fiction, thriller, tv_movie, war, western"
3903,Wed,0.0,1,"action, adventure, animation, comedy, crime, documentary, drama, family, fantasy, history, horror, music, mystery, romance, science_fiction, thriller, tv_movie, war, western"
3903,Thu,0.0,1,"action, adventure, animation, comedy, crime, documentary, drama, family, fantasy, history, horror, music, mystery, romance, science_fiction, thriller, tv_movie, war, western"
3903,Fri,0.0,1,"action, adventure, animation, comedy, crime, documentary, drama, family, fantasy, history, horror, music, mystery, romance, science_fiction, thriller, tv_movie, war, western"
3903,Sat,0.0,1,"action, adventure, animation, comedy, crime, documentary, drama, family, fantasy, history, horror, music, mystery, romance, science_fiction, thriller, tv_movie, war, western"
3903,Sun,0.0,1,"action, adventure, animation, comedy, crime, documentary, drama, family, fantasy, history, horror, music, mystery, romance, science_fiction, thriller, tv_movie, war, western"
1751,Mon,0.0,1,"action, adventure, animation, comedy, crime, documentary, drama, family, fantasy, history, horror, music, mystery, romance, science_fiction, thriller, tv_movie, war, western"
1751,Tue,0.0,1,"action, adventure, animation, comedy, crime, documentary, drama, family, fantasy, history, horror, music, mystery, romance, science_fiction, thriller, tv_movie, war, western"
1751,Wed,0.0,1,"action, adventure, animation, comedy, crime, documentary, drama, family, fantasy, history, horror, music, mystery, romance, science_fiction, thriller, tv_movie, war, western"
1751,Thu,0.0,1,"action, adventure, animation, comedy, crime, documentary, drama, family, fantasy, history, horror, music, mystery, romance, science_fiction, thriller, tv_movie, war, western"
1751,Fri,0.0,1,"action, adventure, animation, comedy, crime, documentary, drama, family, fantasy, history, horror, music, mystery, romance, science_fiction, thriller, tv_movie, war, western"
1751,Sat,0.0,1,"action, adventure, animation, comedy, crime, documentary, drama, family, fantasy, history, horror, music, mystery, romance, science_fiction, thriller, tv_movie, war, western"
1751,Sun,0.0,1,"action, adventure, animation, comedy, crime, documentary, drama, family, fantasy, history, horror, music, mystery, romance, science_fiction, thriller, tv_movie, war, western"
266,Mon,0.0,1,"action, adventure, animation, comedy, crime, documentary, drama, family, fantasy, history, horror, music, mystery, romance, science_fiction, thriller, tv_movie, war, western"
266,Tue,0.0,1,"action, adventure, animation, comedy, crime, documentary, drama, family, fantasy, history, horror, music, mystery, romance, science_fiction, thriller, tv_movie, war, western"
266,Wed,0.0,1,"action, adventure, animation, comedy, crime, documentary, drama, family, fantasy, history, horror, music, mystery, romance, science_fiction, thriller, tv_movie, war, western"
266,Thu,0.0,1,"action, adventure, animation, comedy, crime, documentary, drama, family, fantasy, history, horror, music, mystery, romance, science_fiction, thriller, tv_movie, war, western"
266,Fri,0.0,1,"action, adventure, animation, comedy, crime, documentary, drama, family, fantasy, history, horror, music, mystery, romance, science_fiction, thriller, tv_movie, war, western"
266,Sat,0.0,1,"action, adventure, animation, comedy, crime, documentary, drama, family, fantasy, history, horror, music, mystery, romance, science_fiction, thriller, tv_movie, war, western"
266,Sun,0.0,1,"action, adventure, animation, comedy, crime, documentary, drama, family, fantasy, history, horror, music, mystery, romance, science_fiction, thriller, tv_movie, war, western"
2686,Mon,0.0,1,"action, adventure, animation, comedy, crime, documentary, drama, family, fantasy, history, horror, music, mystery, romance, science_fiction, thriller, tv_movie, war, western"
2686,Tue,0.0,1,"action, adventure, animation, comedy, crime, documentary, drama, family, fantasy, history, horror, music, mystery, romance, science_fiction, thriller, tv_movie, war, western"
2686,Wed,0.0,1,"action, adventure, animation, comedy, crime, documentary, drama, family, fantasy, history, horror, music, mystery, romance, science_fiction, thriller, tv_movie, war, western"
2686,Thu,0.0,1,"action, adventure, animation, comedy, crime, documentary, drama, family, fantasy, history, horror, music, mystery, romance, science_fiction, thriller, tv_movie, war, western"
2686,Fri,0.0,1,"action, adventure, animation, comedy, crime, documentary, drama, family, fantasy, history, horror, music, mystery, romance, science_fiction, thriller, tv_movie, war, western"
2686,Sat,0.0,1,"action, adventure, animation, comedy, crime, documentary, drama, family, fantasy, history, horror, music, mystery, romance, science_fiction, thriller, tv_movie, war, western"
2686,Sun,0.0,1,"action, adventure, animation, comedy, crime, documentary, drama, family, fantasy, history, horror, music, mystery, romance, science_fiction, thriller, tv_movie, war, western"
1292,Mon,0.0,1,"action, adventure, animation, comedy, crime, documentary, drama, family, fantasy, history, horror, music, mystery, romance, science_fiction, thriller, tv_movie, war, western"
1292,Tue,0.0,1,"action, adventure, animation, comedy, crime, documentary, drama, family, fantasy, history, horror, music, mystery, romance, science_fiction, thriller, tv_movie, war, western"
1292,Wed,0.0,1,"action, adventure, animation, comedy, crime, documentary, drama, family, fantasy, history, horror, music, mystery, romance, science_fiction, thriller, tv_movie, war, western"
1292,Thu,0.0,1,"action, adventure, animation, comedy, crime, documentary, drama, family, fantasy, history, horror, music, mystery, romance, science_fiction, thriller, tv_movie, war, western"
1292,Fri,0.0,1,"action, adventure, animation, comedy, crime, documentary, drama, family, fantasy, history, horror, music, mystery, romance, science_fiction, thriller, tv_movie, war, western"
1292,Sat,0.0,1,"action, adventure, animation, comedy, crime, documentary, drama, family, fantasy, history, horror, music, mystery, romance, science_fiction, thriller, tv_movie, war, western"
1292,Sun,0.0,1,"action, adventure, animation, comedy, crime, documentary, drama, family, fantasy, history, horror, music, mystery, romance, science_fiction, thriller, tv_movie, war, western"
